{"cameraMode":{"drawMode":0,"name":"Shaded","section":"Shading Mode"},"sceneLighting":true,"audioPlay":false,"sceneViewState":{"showFog":true,"showMaterialUpdate":false,"showSkybox":true,"showFlares":true,"showImageEffects":true,"showParticleSystems":true},"in2DMode":false,"pivot":{"x":-0.4878310561180115,"y":0.12533079087734223,"z":-5.7830023765563969},"rotation":{"x":0.0003885687328875065,"y":0.9987325668334961,"z":-0.007800028659403324,"w":0.04977896064519882},"size":4.2739033699035648,"orthographic":false}